{"is_source_file": true, "format": "JavaScript (Node.js)", "description": "Main application setup for a Node.js Express server, configuring middleware including CORS, Swagger UI, route mounting, and error handling.", "external_files": ["./routes", "../swagger"], "external_methods": ["require('cors')", "require('express')", "require('./routes')", "require('swagger-ui-express')", "require('../swagger')"], "published": ["module.exports"], "classes": [], "methods": [{"name": "app.use", "description": "Middleware setup for CORS, Swagger UI, route handling, and error handling."}], "calls": ["cors()", "express()", "routes", "swaggerUi.serve", "swaggerUi.setup", "console.error"], "search-terms": ["app.js", "Express setup", "CORS configuration", "Swagger UI", "route mounting", "error handling middleware"], "state": 2, "file_id": 8, "knowledge_revision": 20, "git_revision": "71346ed0cd0be1bbc437710b08035eba02691057", "ctags": [{"_type": "tag", "name": "app", "path": "/home/kavia/workspace/code-generation/drivesafe-auto-companion-211750-211760/backend/src/app.js", "pattern": "/^const app = express();$/", "language": "JavaScript", "kind": "constant"}, {"_type": "tag", "name": "cors", "path": "/home/kavia/workspace/code-generation/drivesafe-auto-companion-211750-211760/backend/src/app.js", "pattern": "/^const cors = require('cors');$/", "language": "JavaScript", "kind": "constant"}, {"_type": "tag", "name": "express", "path": "/home/kavia/workspace/code-generation/drivesafe-auto-companion-211750-211760/backend/src/app.js", "pattern": "/^const express = require('express');$/", "language": "JavaScript", "kind": "constant"}, {"_type": "tag", "name": "routes", "path": "/home/kavia/workspace/code-generation/drivesafe-auto-companion-211750-211760/backend/src/app.js", "pattern": "/^const routes = require('.\\/routes');$/", "language": "JavaScript", "kind": "constant"}, {"_type": "tag", "name": "swaggerSpec", "path": "/home/kavia/workspace/code-generation/drivesafe-auto-companion-211750-211760/backend/src/app.js", "pattern": "/^const swaggerSpec = require('..\\/swagger');$/", "language": "JavaScript", "kind": "constant"}, {"_type": "tag", "name": "swaggerUi", "path": "/home/kavia/workspace/code-generation/drivesafe-auto-companion-211750-211760/backend/src/app.js", "pattern": "/^const swaggerUi = require('swagger-ui-express');$/", "language": "JavaScript", "kind": "constant"}], "hash": "5df3172f6e958a99d255956f667b1de4", "format-version": 4, "code-base-name": "backend", "filename": "backend/src/app.js", "revision_history": [{"20": "71346ed0cd0be1bbc437710b08035eba02691057"}]}