{"is_source_file": true, "format": "JavaScript", "description": "This file defines a controller class HealthController for handling health check requests in a backend application. It imports a health service, utilizes it within a check method, and exports an instance of the controller.", "external_files": ["../services/health"], "external_methods": ["healthService.getStatus"], "published": ["HealthController"], "classes": [{"name": "HealthController", "description": "Controller class responsible for handling health check HTTP requests."}], "methods": [{"name": "check(req, res)", "description": "Handles HTTP requests to perform health checks by calling healthService.getStatus() and returning its result as JSON.", "scope": "HealthController", "scopeKind": "class"}], "calls": ["healthService.getStatus"], "search-terms": ["HealthController", "healthService", "check", "status"], "state": 2, "file_id": 6, "knowledge_revision": 21, "git_revision": "71346ed0cd0be1bbc437710b08035eba02691057", "ctags": [{"_type": "tag", "name": "HealthController", "path": "/home/kavia/workspace/code-generation/drivesafe-auto-companion-211750-211760/backend/src/controllers/health.js", "pattern": "/^class HealthController {$/", "language": "JavaScript", "kind": "class"}, {"_type": "tag", "name": "check", "path": "/home/kavia/workspace/code-generation/drivesafe-auto-companion-211750-211760/backend/src/controllers/health.js", "pattern": "/^  check(req, res) {$/", "language": "JavaScript", "kind": "method", "signature": "(req, res)", "scope": "HealthController", "scopeKind": "class"}, {"_type": "tag", "name": "exports", "path": "/home/kavia/workspace/code-generation/drivesafe-auto-companion-211750-211760/backend/src/controllers/health.js", "pattern": "/^module.exports = new HealthController();$/", "language": "JavaScript", "kind": "variable", "scope": "module", "scopeKind": "class"}, {"_type": "tag", "name": "healthService", "path": "/home/kavia/workspace/code-generation/drivesafe-auto-companion-211750-211760/backend/src/controllers/health.js", "pattern": "/^const healthService = require('..\\/services\\/health');$/", "language": "JavaScript", "kind": "constant"}], "hash": "05c26663041fbc83dd60748f0bc705da", "format-version": 4, "code-base-name": "backend", "filename": "backend/src/controllers/health.js", "fields": [{"name": "module.exports = new HealthController();", "scope": "module", "scopeKind": "class", "description": "unavailable"}], "revision_history": [{"21": "71346ed0cd0be1bbc437710b08035eba02691057"}]}