{"is_source_file": true, "format": "JavaScript (Node.js module)", "description": "This file is a JavaScript module intended to export middleware components for a Node.js application. Currently, it is a placeholder with no actual middleware functions defined.", "external_files": [], "external_methods": [], "published": [], "classes": [], "methods": [], "calls": [], "search-terms": ["middleware", "index.js", "Node.js", "export"], "state": 2, "file_id": 4, "knowledge_revision": 15, "git_revision": "71346ed0cd0be1bbc437710b08035eba02691057", "ctags": [], "hash": "e9169fe9b751451d433ec5c4d4734b4a", "format-version": 4, "code-base-name": "backend", "filename": "backend/src/middleware/index.js", "revision_history": [{"15": "71346ed0cd0be1bbc437710b08035eba02691057"}]}