{"is_source_file": false, "format": "", "description": "", "external_files": [], "external_methods": [], "published": [], "classes": [], "methods": [], "calls": [], "search-terms": [], "state": 2, "file_id": 9, "knowledge_revision": 16, "git_revision": "71346ed0cd0be1bbc437710b08035eba02691057", "hash": "68e883b7c082fe5b18ee688ed067dd49", "format-version": 4, "code-base-name": "backend", "filename": "backend/nodemon.json", "revision_history": [{"16": "71346ed0cd0be1bbc437710b08035eba02691057"}]}