{"is_source_file": true, "format": "JavaScript", "description": "This file defines a HealthService class with a method to check the health status of the service, and exports an instance of this class.", "external_files": [], "external_methods": ["Date.prototype.toISOString", "process.env"], "published": ["HealthService"], "classes": [{"name": "HealthService", "description": "A service class that provides health check information for the application."}], "methods": [{"name": "getStatus()", "description": "Returns an object containing the health status, message, current timestamp, and environment.", "scope": "HealthService", "scopeKind": "class"}], "calls": ["new Date()", "Date.prototype.toISOString()", "process.env.NODE_ENV"], "search-terms": ["HealthService", "getStatus", "health check", "status endpoint", "service health"], "state": 2, "file_id": 7, "knowledge_revision": 17, "git_revision": "71346ed0cd0be1bbc437710b08035eba02691057", "ctags": [{"_type": "tag", "name": "HealthService", "path": "/home/kavia/workspace/code-generation/drivesafe-auto-companion-211750-211760/backend/src/services/health.js", "pattern": "/^class HealthService {$/", "language": "JavaScript", "kind": "class"}, {"_type": "tag", "name": "exports", "path": "/home/kavia/workspace/code-generation/drivesafe-auto-companion-211750-211760/backend/src/services/health.js", "pattern": "/^module.exports = new HealthService();$/", "language": "JavaScript", "kind": "variable", "scope": "module", "scopeKind": "class"}, {"_type": "tag", "name": "getStatus", "path": "/home/kavia/workspace/code-generation/drivesafe-auto-companion-211750-211760/backend/src/services/health.js", "pattern": "/^    getStatus() {$/", "language": "JavaScript", "kind": "method", "signature": "()", "scope": "HealthService", "scopeKind": "class"}], "hash": "dcfa21416da8734d1481f1ce9d7ffe4c", "format-version": 4, "code-base-name": "backend", "filename": "backend/src/services/health.js", "fields": [{"name": "module.exports = new HealthService();", "scope": "module", "scopeKind": "class", "description": "unavailable"}], "revision_history": [{"17": "71346ed0cd0be1bbc437710b08035eba02691057"}]}