{"is_source_file": true, "format": "JavaScript", "description": "This file defines an Express.js route for the root path '/', implementing a health check endpoint that responds with JSON indicating service health status.", "external_files": ["../controllers/health"], "external_methods": ["healthController.check"], "published": ["router"], "classes": [], "methods": [{"name": "router.get", "description": "Defines a GET endpoint for '/' that invokes healthController.check"}], "calls": ["healthController.check.bind"], "search-terms": ["Express route", "health check endpoint", "index.js", "router", "get('/')"], "state": 2, "file_id": 3, "knowledge_revision": 19, "git_revision": "71346ed0cd0be1bbc437710b08035eba02691057", "ctags": [{"_type": "tag", "name": "express", "path": "/home/kavia/workspace/code-generation/drivesafe-auto-companion-211750-211760/backend/src/routes/index.js", "pattern": "/^const express = require('express');$/", "language": "JavaScript", "kind": "constant"}, {"_type": "tag", "name": "healthController", "path": "/home/kavia/workspace/code-generation/drivesafe-auto-companion-211750-211760/backend/src/routes/index.js", "pattern": "/^const healthController = require('..\\/controllers\\/health');$/", "language": "JavaScript", "kind": "constant"}, {"_type": "tag", "name": "router", "path": "/home/kavia/workspace/code-generation/drivesafe-auto-companion-211750-211760/backend/src/routes/index.js", "pattern": "/^const router = express.Router();$/", "language": "JavaScript", "kind": "constant"}], "hash": "65440e156977076adec2544b5e71e9b6", "format-version": 4, "code-base-name": "backend", "filename": "backend/src/routes/index.js", "revision_history": [{"19": "71346ed0cd0be1bbc437710b08035eba02691057"}]}