{"is_source_file": false, "format": "", "description": "", "external_files": [], "external_methods": [], "published": [], "classes": [], "methods": [], "calls": [], "search-terms": [], "state": 2, "file_id": 1, "knowledge_revision": 14, "git_revision": "71346ed0cd0be1bbc437710b08035eba02691057", "hash": "9483450ea96c056ca5d32e968e351567", "format-version": 4, "code-base-name": "backend", "filename": "backend/package.json", "revision_history": [{"14": "71346ed0cd0be1bbc437710b08035eba02691057"}]}