{"is_source_file": true, "format": "JavaScript", "description": "This file generates an OpenAPI JSON file from a Swagger specification by writing it to a file in a specific output directory.", "external_files": ["./swagger"], "external_methods": ["fs.existsSync", "fs.mkdirSync", "fs.writeFileSync", "path.join"], "published": [], "classes": [], "methods": [{"name": "write OpenAPI file", "description": "Writes the serialized Swagger specification to 'interfaces/openapi.json'."}], "calls": ["fs.existsSync", "fs.mkdirSync", "fs.writeFileSync", "path.join"], "search-terms": ["generate_openapi", "swaggerSpec", "writeFileSync", "interfaces", "openapi.json"], "state": 2, "file_id": 10, "knowledge_revision": 24, "git_revision": "71346ed0cd0be1bbc437710b08035eba02691057", "ctags": [{"_type": "tag", "name": "fs", "path": "/home/kavia/workspace/code-generation/drivesafe-auto-companion-211750-211760/backend/generate_openapi.js", "pattern": "/^const fs = require('fs');$/", "language": "JavaScript", "kind": "constant"}, {"_type": "tag", "name": "outputDir", "path": "/home/kavia/workspace/code-generation/drivesafe-auto-companion-211750-211760/backend/generate_openapi.js", "pattern": "/^const outputDir = path.join(__dirname, 'interfaces');$/", "language": "JavaScript", "kind": "constant"}, {"_type": "tag", "name": "outputPath", "path": "/home/kavia/workspace/code-generation/drivesafe-auto-companion-211750-211760/backend/generate_openapi.js", "pattern": "/^const outputPath = path.join(outputDir, 'openapi.json');$/", "language": "JavaScript", "kind": "constant"}, {"_type": "tag", "name": "path", "path": "/home/kavia/workspace/code-generation/drivesafe-auto-companion-211750-211760/backend/generate_openapi.js", "pattern": "/^const path = require('path');$/", "language": "JavaScript", "kind": "constant"}, {"_type": "tag", "name": "swaggerSpec", "path": "/home/kavia/workspace/code-generation/drivesafe-auto-companion-211750-211760/backend/generate_openapi.js", "pattern": "/^const swaggerSpec = require('.\\/swagger');$/", "language": "JavaScript", "kind": "constant"}], "hash": "55a8452439ff8971a692025b12dc20dc", "format-version": 4, "code-base-name": "backend", "filename": "backend/generate_openapi.js", "revision_history": [{"24": "71346ed0cd0be1bbc437710b08035eba02691057"}]}