{"is_source_file": true, "format": "JavaScript", "description": "This source file initializes and starts an Express server, sets up environment-based configuration for port and host, and handles graceful shutdown on SIGTERM signal.", "external_files": ["./app"], "external_methods": ["app.listen", "process.on", "server.close", "process.exit"], "published": ["server"], "classes": [], "methods": [{"name": "app.listen", "description": "Starts the Express application listening on specified port and host."}, {"name": "process.on", "description": "Registers an event handler for process signals, here used for SIGTERM to enable graceful shutdown."}, {"name": "server.close", "description": "Closes the HTTP server, finishing ongoing requests before shutting down."}, {"name": "process.exit", "description": "Terminates the process with given exit code after server is closed."}], "calls": ["app.listen", "console.log", "server.close", "process.exit"], "search-terms": ["server initialization", "graceful shutdown", "SIGTERM handling", "Express app", "Node.js server"], "state": 2, "file_id": 5, "knowledge_revision": 25, "git_revision": "71346ed0cd0be1bbc437710b08035eba02691057", "ctags": [{"_type": "tag", "name": "HOST", "path": "/home/kavia/workspace/code-generation/drivesafe-auto-companion-211750-211760/backend/src/server.js", "pattern": "/^const HOST = process.env.HOST || '0.0.0.0';$/", "language": "JavaScript", "kind": "constant"}, {"_type": "tag", "name": "PORT", "path": "/home/kavia/workspace/code-generation/drivesafe-auto-companion-211750-211760/backend/src/server.js", "pattern": "/^const PORT = process.env.PORT || 3000;$/", "language": "JavaScript", "kind": "constant"}, {"_type": "tag", "name": "app", "path": "/home/kavia/workspace/code-generation/drivesafe-auto-companion-211750-211760/backend/src/server.js", "pattern": "/^const app = require('.\\/app');$/", "language": "JavaScript", "kind": "constant"}, {"_type": "tag", "name": "server", "path": "/home/kavia/workspace/code-generation/drivesafe-auto-companion-211750-211760/backend/src/server.js", "pattern": "/^const server = app.listen(PORT, HOST, () => {$/", "language": "JavaScript", "kind": "constant"}], "hash": "e5d7d8ed0764ea86a77b8fe15cd2b83e", "format-version": 4, "code-base-name": "backend", "filename": "backend/src/server.js", "revision_history": [{"25": "71346ed0cd0be1bbc437710b08035eba02691057"}]}