{"is_source_file": false, "format": "", "description": "", "external_files": [], "external_methods": [], "published": [], "classes": [], "methods": [], "calls": [], "search-terms": ["drivesafe", "auto-companion", "README.md"], "state": 2, "file_id": 12, "knowledge_revision": 22, "git_revision": "da4cc50aa6fd617b44a5538424765006dd8dd83f", "hash": "ec30aed33d8f23c8494d09dd2e03a200", "format-version": 4, "code-base-name": "backend", "filename": "README.md", "revision_history": [{"22": "da4cc50aa6fd617b44a5538424765006dd8dd83f"}]}